Evidence ID,Date/Time,Phase,Description,Evidence Type,Location/File,Result,Related Requirement,Verification Status
RAW-001,2026-10-03T19:33:59+05:30,Phase 12 (historical),SQLi authentication bypass validation,HTTP response+JSON,evidence/findings/WEB-VUL-001-validation.txt,Historical,Reproduced (see EVID-REVERIFY-C1),Verified
RAW-002,2026-10-03T19:37:32+05:30,Phase 12 (historical),Broken access control / IDOR validation (historical),Cross-user basket read; note: responses/WEB-VUL-002-response.txt is actually a 401 HTML - see basket JSON,evidence/findings/WEB-VUL-002-validation.txt,Historical,Confirmed (see EVID-REVERIFY-C2),Verified
RAW-003,2026-10-03T19:33:59+05:30,Phase 12 (historical),Missing security headers validation,HTTP headers,evidence/findings/WEB-VUL-003-validation.txt,Historical,Confirmed (see EVID-REVERIFY-C3),Verified
RAW-004,2026-10-03T19:33:59+05:30,Phase 12 (historical),"Information disclosure validation (/metrics,  version,  robots.txt)",HTTP responses,evidence/findings/WEB-VUL-004-validation.txt,Historical,Confirmed (see EVID-REVERIFY-C4),Verified
RAW-005,2026-10-03T19:33:59+05:30,Phase 12 (historical),Unauthenticated feedback exposure validation,User data in API,evidence/findings/WEB-VUL-005-validation.txt,Historical,Confirmed (see EVID-REVERIFY-C5),Verified
RAW-006,2026-10-03T19:33:59+05:30,Phase 12 (historical),SQLi control/test response (token redacted),JSON,evidence/responses/WEB-VUL-001-response.txt,Historical,Reproduced (see EVID-REVERIFY-C1),Verified
RAW-007,2026-10-03T19:33:59+05:30,Phase 12 (historical),/api/Users probe (401),HTML,evidence/responses/WEB-VUL-002-response.txt,Historical,NOT a basket evidence - inventory only,Verified
RAW-008,2026-10-03T19:37:32+05:30,Phase 12 (historical),Admin reads basket id=2 (owner UserId 2) - IDOR evidence,JSON,evidence/responses/WEB-VUL-002-victim-basket.json,Historical,Confirmed (see EVID-REVERIFY-C2),Verified
RAW-009,2026-10-03T19:33:59+05:30,Phase 12 (historical),SQLi request payload captured,Request text,evidence/requests/WEB-VUL-001-request.txt,Historical,Reproduced (see EVID-REVERIFY-C1),Verified
RAW-010,2026-10-03T19:37:32+05:30,Phase 12 (historical),IDOR request captured,Request text,evidence/requests/WEB-VUL-002-request.txt,Historical,Confirmed (see EVID-REVERIFY-C2),Verified
RAW-011,2026-10-03T20:48:25+05:30,Phase 9,Application entry point (headers+title),HTTP headers,evidence/scanner-results/EVID-MAP-001-entrypoint.txt,Observed,Application mapping,Verified
RAW-012,2026-10-03T20:48:26+05:30,Phase 9,Route/page rendering (headless Chrome),DOM text,evidence/scanner-results/EVID-MAP-002-routes.txt,Observed,Application mapping,Verified
RAW-013,2026-10-03T20:16:44+05:30,Phase 7,Port/service enumeration (63 ports),TCP scan,evidence/scanner-results/RECON-001-port-scan.txt/json,Observed,Reconnaissance,Verified
RAW-014,2026-10-03T20:16:56+05:30,Phase 7,Technology identification (HTTP fingerprint),HTTP headers,evidence/scanner-results/RECON-002-technology.txt/json,Observed,Reconnaissance,Verified
RAW-015,2026-10-03T20:16:56+05:30,Phase 7,Response headers (C3 baseline),Headers,evidence/scanner-results/RECON-002-response-headers.txt,Observed,Security configuration,Verified
RAW-016,2026-10-03T19:32:29+05:30,Phase 7,Recon raw outputs,Text,evidence/scanner-results/recon-raw-http.txt,Observed,Reconnaissance,Verified
RAW-017,2026-10-03T19:29:49+05:30,Phase 7,Port scan JSON,JSON,evidence/scanner-results/tcp-scan-127.0.0.1.json,Observed,Reconnaissance,Verified
RAW-018,2026-10-03T20:16:32+05:30,Phase 7,"Lab environment (OS,  interfaces,  tools)",Text,evidence/scanner-results/LAB-001-environment.txt,Recorded,Reconnaissance,Verified
RAW-019,2026-10-03T20:21:46+05:30,Phase 9,Application running screenshot (1366x900),PNG,evidence/screenshots/LAB-003-application-running.png,Observed,Application mapping,Verified
RAW-020,2026-10-03T20:48:13+05:30,Phase 5,Juice Shop startup log,Server log,evidence/logs/juice-shop-startup.log,Recorded,Application deployment,Verified
CURR-001,2026-10-03T21:18:00+05:30,Phase 10,Re-verification C1 (SQLi auth bypass),SQLi test result,evidence/reverification/EVID-REVERIFY-C1-sqli.txt,Confirmed,Authentication,Verified
CURR-002,2026-10-03T21:13:49+05:30,Phase 10,Re-verification C2 (IDOR/broken access control),HTTP+basket owner,evidence/reverification/EVID-REVERIFY-C2-idor.txt,Confirmed,Authorization,Verified
CURR-003,2026-10-03T21:16:42+05:30,Phase 10,Re-verification C3 (missing security headers),Response headers,evidence/reverification/EVID-REVERIFY-C3-headers.txt,Confirmed,Security configuration,Verified
CURR-004,2026-10-03T21:16:52+05:30,Phase 10,Re-verification C4 (information disclosure),/metrics+version+robots,evidence/reverification/EVID-REVERIFY-C4-disclosure.txt,Confirmed,Security configuration,Verified
CURR-005,2026-10-03T21:17:02+05:30,Phase 10,Re-verification C5 (feedback exposure),User data in API,evidence/reverification/EVID-REVERIFY-C5-feedback.txt,Confirmed,Authorization/sensitive data,Verified
EVID-REM-001,2026-10-04T15:42:55+05:30,Phase 16,Before-state WEB-VUL-001: SQLi auth bypass reproduced on unmodified instance,HTTP request/response,remediation/WEB-VUL-001/before/EVID-REM-001-sqli-before.txt,Vulnerable behavior reproduced,WEB-VUL-001 before-state,Verified
EVID-REM-002,2026-10-04T15:43:03+05:30,Phase 16,Before-state WEB-VUL-003: seven hardening headers missing on unmodified instance,HTTP response headers,remediation/WEB-VUL-003/before/EVID-REM-002-headers-before.txt,Vulnerable behavior reproduced,WEB-VUL-003 before-state,Verified
EVID-REM-003,2026-10-04T15:53:01+05:30,Phase 16,Remediation implementation record WEB-VUL-001 (parameterised login query),Code change record,remediation/WEB-VUL-001/remediation.md,Mitigation implemented (retest pending),WEB-VUL-001 remediation,Verified
EVID-REM-004,2026-10-04T15:52:27+05:30,Phase 16,Remediation implementation record WEB-VUL-003 (hardening header set added),Code change record,remediation/WEB-VUL-003/remediation.md,Mitigation implemented (retest pending),WEB-VUL-003 remediation,Verified
EVID-REM-005,2026-10-04T15:50:57+05:30,Phase 16,Post-remediation safety and functionality check (headers + controls + browser),Test output,remediation/safety-check-phase16.txt,Application functional (PASS),Application verification,Verified
EVID-RETEST-001,2026-10-04T15:55:24+05:30,Phase 17,Retest WEB-VUL-001: SQLi payloads vs mitigated login (same Phase 10 procedure),HTTP request/response,remediation/WEB-VUL-001/after/EVID-RETEST-001-sqli-retest.txt,FIXED (payloads HTTP 401; valid login HTTP 200),WEB-VUL-001 retest,Verified
EVID-RETEST-002,2026-10-04T15:55:45+05:30,Phase 17,Retest WEB-VUL-003: header enumeration + headless browser check vs mitigated serving layer,HTTP response headers + browser log,remediation/WEB-VUL-003/after/EVID-RETEST-002-headers-retest.txt,FIXED (10/10 headers present; 0 browser violations),WEB-VUL-003 retest,Verified
EVID-RETEST-003,2026-10-04T15:55:45+05:30,Phase 17,Post-remediation screenshot of application rendering under new CSP (headless Chrome),PNG screenshot,remediation/WEB-VUL-003/after/LAB-016-post-remediation.png,Observed (application renders correctly),WEB-VUL-003 retest supporting evidence,Verified
EVID-TEST-001,2026-10-04T16:04:56+05:30,Phase 18 (pre-report verification),Server unit suite run 1 while lab running: 415 tests / 392 pass / 4 fail / 17 cancelled,Test output (TAP),evidence/phase18-test-suite/EVID-TEST-001-server-unit-tests.txt,4 failures environmental (3 missing packaged files + port 3000 conflict),Login remediation regression verification,Verified
EVID-TEST-001B,2026-10-04T16:06:40+05:30,Phase 18 (pre-report verification),Server unit suite run 2 with lab stopped: 415 tests / 410 pass / 3 fail / 0 cancelled,Test output (TAP),evidence/phase18-test-suite/EVID-TEST-001b-server-unit-tests-lab-stopped.txt,3 failures = files absent from release package; no login-related failures,Login remediation regression verification,Verified
EVID-TEST-002,2026-10-04T16:07:53+05:30,Phase 18 (pre-report verification),Login API suite: 18 tests / 13 pass / 5 fail,Test output (TAP),evidence/phase18-test-suite/EVID-TEST-002-login-api-tests.txt,FAIL - 5 failures are the SQLi-assertion tests (fixed vulnerability); 0 functional failures,Login remediation regression verification,Verified
EVID-TEST-003,2026-10-04T16:10:20+05:30,Phase 18 (pre-report verification),Full API suite with mitigations: 537 tests / 486 pass / 38 fail / 6 cancelled / 7 skipped,Test output (TAP),evidence/phase18-test-suite/EVID-TEST-003-api-suite-mitigated-code.txt,Baseline for control comparison,Login remediation regression verification,Verified
EVID-TEST-004,2026-10-04T16:14:11+05:30,Phase 18 (pre-report verification),Full API suite control run with original code restored: 537 tests / 492 pass / 33 fail / 5 cancelled / 7 skipped,Test output (TAP),evidence/phase18-test-suite/EVID-TEST-004-api-suite-control-original-code.txt,Proves exactly 6 delta failures are the vulnerability-assertion tests,Login remediation regression verification,Verified
EVID-TEST-005,2026-10-04T16:31:28+05:30,Phase 18 (pre-report verification),Login remediation regression analysis and test-run record (Task 1.2-1.4),Analysis document,evidence/phase18-test-suite/EVID-TEST-005-login-remediation-regression-analysis.md,Login remediation regression check: FAIL (5 intended vulnerability-assertion failures; 0 functional regressions),Login remediation regression verification,Verified
EVID-REM-006,2026-10-04T16:38:26+05:30,Phase 16/18 (third remediation),Before-state WEB-VUL-002: cross-user basket read reproduced (HTTP 200 with UserId 2 contents),HTTP request/response,remediation/WEB-VUL-002/before/EVID-REM-006-idor-before.txt,Vulnerable behavior reproduced,WEB-VUL-002 before-state,Verified
EVID-REM-007,2026-10-04T16:47:17+05:30,Phase 16/18 (third remediation),Remediation implementation record WEB-VUL-002 (ownership guard on basket routes),Code change record,remediation/WEB-VUL-002/remediation.md,Mitigation implemented and validated,WEB-VUL-002 remediation,Verified
EVID-RETEST-004,2026-10-04T16:46:17+05:30,Phase 17 (third retest),Retest WEB-VUL-002: cross-user basket read/write vs mitigated instance (same reproduction),HTTP request/response,remediation/WEB-VUL-002/after/EVID-RETEST-004-idor-retest.txt,FIXED (cross-user read/write HTTP 403; own basket unchanged),WEB-VUL-002 retest,Verified
EVID-TEST-006,2026-10-04T16:42:35+05:30,Phase 18 (pre-report verification),Basket API tests after third fix: 22 tests / 13 pass / 9 fail (all failures = cross-user or forged-JWT assertions of the fixed IDOR),Test output (TAP),evidence/phase18-test-suite/EVID-TEST-006-basket-api-tests-after-idor-fix.txt,9 intended vulnerability-assertion failures; tests unmodified,WEB-VUL-002 validation,Verified
EVID-TEST-007,2026-10-04T16:43:19+05:30,Phase 18 (pre-report verification),Server unit suite after third fix: 415 tests / 410 pass / 3 fail (same 3 package-environment failures as before),Test output (TAP),evidence/phase18-test-suite/EVID-TEST-007-server-unit-after-idor-fix.txt,No regression from the IDOR fix,WEB-VUL-002 validation,Verified
EVID-TEST-008,2026-10-04T16:44:50+05:30,Phase 18 (pre-report verification),Full API suite after third fix: 537 tests / 476 pass / 49 fail / 5 cancelled / 7 skipped,Test output (TAP),evidence/phase18-test-suite/EVID-TEST-008-api-suite-after-third-fix.txt,Delta vs EVID-TEST-003 = 9 basket tests (intended) + 1 external fetch flake,Regression verification,Verified
