Finding ID,Vulnerability,Component,Likelihood (1-5),Impact (1-5),Exploitability (1-5),Exposure (1-5),Overall Risk,Priority,Reasoning
WEB-VUL-001,SQL Injection in login endpoint,POST /rest/user/login (routes/login.ts),2,5,3,4,Low (residual - REMEDIATED),P3 - monitor,"Re-tested 2026-10-04: all 6 injection payloads returned HTTP 401 (evidence/findings/V-001-validation.txt). Parameterised query already in place. Scores describe residual risk only."
WEB-VUL-002,Broken object-level authorization on baskets,GET /rest/basket/:id,2,3,3,3,Low (residual - REMEDIATED),P3 - monitor,"Re-tested 2026-10-04: foreign baskets return HTTP 403 with an ownership message (evidence/findings/V-002-validation.txt). Ownership guard already in place."
WEB-VUL-003,Missing HTTP security headers,GET / (all responses),2,3,2,3,Low (residual - REMEDIATED),P3 - monitor,"Re-tested 2026-10-04: 9 security headers present and X-Powered-By absent (evidence/findings/V-003-validation.txt). Hardening middleware already in place."
WEB-VUL-004,Unauthenticated information disclosure,/metrics /rest/admin/application-version /robots.txt,4,2,5,5,Medium,P2,"All three endpoints answered HTTP 200 with no token on re-test (evidence/findings/V-004-validation.txt). Trivial to reach (curl only) but data is telemetry/version, not credentials. Amplified by WEB-VUL-010 because any origin can read it."
WEB-VUL-005,Unauthenticated exposure of user feedback,GET /api/Feedbacks,4,2,5,5,Medium,P2,"HTTP 200 with no token, returning UserId plus masked emails and ratings (evidence/findings/V-005-validation.txt). Publicly reachable and read-only; exposure is user-generated content, not credentials."
WEB-VUL-006,Broken function-level authorization on user directory,GET /api/Users and /api/Users/:id,5,4,4,3,High,P1,"A self-registered customer token returns the entire user directory including every admin address and role, while no token correctly returns 401 (evidence/findings/V-006-validation.txt). Requires only registration, then yields a complete admin target list for credential attacks. Not Critical: write access was tested and is not routed."
WEB-VUL-007,Sensitive data embedded in JWT payload,POST /rest/user/login token issuance,4,5,4,3,High,P1,"Decoded JWT payload exposes password hash 0192023a7bbd73250516f069df18b500 plus role and totpSecret; md5(admin123) equals the disclosed hash, so the credential is recovered in one hash operation (evidence/findings/V-007-validation.txt). Token travels on every request. Hash is unsalted and fast."
WEB-VUL-008,Unauthenticated encryption key material exposure,/encryptionkeys/ and /encryptionkeys/:file,5,4,5,5,High,P1,"Anonymous clients list the directory and download premium.key (200, 50 bytes) and jwt.pub (200, 248 bytes) (evidence/findings/V-008-validation.txt). No auth, no allow-list, trivially scripted. Discloses the key protecting premium content and the JWT verification key."
WEB-VUL-009,SQL Injection in product search,GET /rest/products/search,5,4,5,5,High,P1,"Tautology ' OR '1'='1 returns 46 rows vs 3 for apple; contradiction returns 0; malformed input yields 500 with SQLITE_ERROR: incomplete input (evidence/findings/V-009-validation.txt). Fully public, no auth, proven by differential result."
WEB-VUL-010,Wildcard CORS policy,All /rest/* and /api/* responses,3,2,5,5,Medium,P2,"Access-Control-Allow-Origin: * for any origin, with GET,HEAD,PUT,PATCH,POST,DELETE and authorization advertised in preflight (evidence/findings/V-010-validation.txt). Impact bounded because Access-Control-Allow-Credentials is not set, so cookies are not attached."